{"cameraMode":{"drawMode":0,"name":"Shaded","section":"Shading Mode"},"sceneLighting":true,"audioPlay":false,"sceneViewState":{"showFog":true,"showMaterialUpdate":false,"showSkybox":true,"showFlares":true,"showImageEffects":true,"showParticleSystems":true},"in2DMode":false,"pivot":{"x":18.37059783935547,"y":-2.464670181274414,"z":-4.539730548858643},"rotation":{"x":0.04017817974090576,"y":-0.008396301418542862,"z":-0.00033759904908947647,"w":-0.9991589784622192},"size":16.713918685913087,"orthographic":false}